-- MySQL dump 10.15  Distrib 10.0.22-MariaDB, for Linux (x86_64)
--
-- Host: localhost    Database: openpet
-- ------------------------------------------------------
-- Server version	10.0.22-MariaDB

/*!40101 SET @OLD_CHARACTER_SET_CLIENT=@@CHARACTER_SET_CLIENT */;
/*!40101 SET @OLD_CHARACTER_SET_RESULTS=@@CHARACTER_SET_RESULTS */;
/*!40101 SET @OLD_COLLATION_CONNECTION=@@COLLATION_CONNECTION */;
/*!40101 SET NAMES utf8 */;
/*!40103 SET @OLD_TIME_ZONE=@@TIME_ZONE */;
/*!40103 SET TIME_ZONE='+00:00' */;
/*!40014 SET @OLD_UNIQUE_CHECKS=@@UNIQUE_CHECKS, UNIQUE_CHECKS=0 */;
/*!40014 SET @OLD_FOREIGN_KEY_CHECKS=@@FOREIGN_KEY_CHECKS, FOREIGN_KEY_CHECKS=0 */;
/*!40101 SET @OLD_SQL_MODE=@@SQL_MODE, SQL_MODE='NO_AUTO_VALUE_ON_ZERO' */;
/*!40111 SET @OLD_SQL_NOTES=@@SQL_NOTES, SQL_NOTES=0 */;

--
-- Table structure for table `locations`
--

DROP TABLE IF EXISTS `locations`;
/*!40101 SET @saved_cs_client     = @@character_set_client */;
/*!40101 SET character_set_client = utf8 */;
CREATE TABLE `locations` (
  `id` int(11) NOT NULL AUTO_INCREMENT,
  `name` varchar(255) COLLATE utf8_unicode_ci NOT NULL,
  `url` varchar(255) COLLATE utf8_unicode_ci DEFAULT NULL,
  `phone` varchar(255) COLLATE utf8_unicode_ci DEFAULT NULL,
  `latitude` decimal(7,4) DEFAULT NULL,
  `longitude` decimal(7,4) DEFAULT NULL,
  `deleted_at` datetime DEFAULT NULL,
  `province_id` int(11) DEFAULT NULL,
  PRIMARY KEY (`id`),
  KEY `IDX_17E64ABAE946114A` (`province_id`),
  CONSTRAINT `FK_17E64ABAE946114A` FOREIGN KEY (`province_id`) REFERENCES `provinces` (`id`)
) ENGINE=InnoDB AUTO_INCREMENT=2 DEFAULT CHARSET=utf8 COLLATE=utf8_unicode_ci;
/*!40101 SET character_set_client = @saved_cs_client */;

--
-- Dumping data for table `locations`
--

LOCK TABLES `locations` WRITE;
/*!40000 ALTER TABLE `locations` DISABLE KEYS */;
INSERT INTO `locations` VALUES (1,'Perrera Municipal de Bens','http://www.coruna.es/adopcion','+34981263093',43.3638,-8.4433,NULL,1);
/*!40000 ALTER TABLE `locations` ENABLE KEYS */;
UNLOCK TABLES;

--
-- Table structure for table `origins`
--

DROP TABLE IF EXISTS `origins`;
/*!40101 SET @saved_cs_client     = @@character_set_client */;
/*!40101 SET character_set_client = utf8 */;
CREATE TABLE `origins` (
  `id` int(11) NOT NULL AUTO_INCREMENT,
  `name` varchar(255) COLLATE utf8_unicode_ci NOT NULL,
  `url` varchar(255) COLLATE utf8_unicode_ci DEFAULT NULL,
  `deleted_at` datetime DEFAULT NULL,
  PRIMARY KEY (`id`)
) ENGINE=InnoDB AUTO_INCREMENT=3 DEFAULT CHARSET=utf8 COLLATE=utf8_unicode_ci;
/*!40101 SET character_set_client = @saved_cs_client */;

--
-- Dumping data for table `origins`
--

LOCK TABLES `origins` WRITE;
/*!40000 ALTER TABLE `origins` DISABLE KEYS */;
INSERT INTO `origins` VALUES (1,'coruna.es','http://www.coruna.es/adopcion',NULL),(2,'mundoanimalia.com','http://www.mundoanimalia.com/',NULL);
/*!40000 ALTER TABLE `origins` ENABLE KEYS */;
UNLOCK TABLES;

--
-- Table structure for table `provinces`
--

DROP TABLE IF EXISTS `provinces`;
/*!40101 SET @saved_cs_client     = @@character_set_client */;
/*!40101 SET character_set_client = utf8 */;
CREATE TABLE `provinces` (
  `id` int(11) NOT NULL AUTO_INCREMENT,
  `name` varchar(255) COLLATE utf8_unicode_ci NOT NULL,
  `deleted_at` datetime DEFAULT NULL,
  PRIMARY KEY (`id`)
) ENGINE=InnoDB AUTO_INCREMENT=2 DEFAULT CHARSET=utf8 COLLATE=utf8_unicode_ci;
/*!40101 SET character_set_client = @saved_cs_client */;

--
-- Dumping data for table `provinces`
--

LOCK TABLES `provinces` WRITE;
/*!40000 ALTER TABLE `provinces` DISABLE KEYS */;
INSERT INTO `provinces` VALUES (1,'A Coruña',NULL);
/*!40000 ALTER TABLE `provinces` ENABLE KEYS */;
UNLOCK TABLES;

--
-- Table structure for table `races`
--

DROP TABLE IF EXISTS `races`;
/*!40101 SET @saved_cs_client     = @@character_set_client */;
/*!40101 SET character_set_client = utf8 */;
CREATE TABLE `races` (
  `id` int(11) NOT NULL AUTO_INCREMENT,
  `specie_id` int(11) DEFAULT NULL,
  `name` varchar(255) COLLATE utf8_unicode_ci NOT NULL,
  `deleted_at` datetime DEFAULT NULL,
  PRIMARY KEY (`id`),
  KEY `IDX_5DBD1EC9D5436AB7` (`specie_id`),
  CONSTRAINT `FK_5DBD1EC9D5436AB7` FOREIGN KEY (`specie_id`) REFERENCES `species` (`id`)
) ENGINE=InnoDB AUTO_INCREMENT=9 DEFAULT CHARSET=utf8 COLLATE=utf8_unicode_ci;
/*!40101 SET character_set_client = @saved_cs_client */;

--
-- Dumping data for table `races`
--

LOCK TABLES `races` WRITE;
/*!40000 ALTER TABLE `races` DISABLE KEYS */;
INSERT INTO `races` VALUES (1,1,'American Staffordshire terrier',NULL),(2,1,'Can de palleiro',NULL),(3,1,'Pastor alemán',NULL),(4,1,'Pastor belga',NULL),(5,1,'Perro genérico',NULL),(6,2,'Persa',NULL),(7,2,'Siamés',NULL),(8,2,'Gato genérico',NULL);
/*!40000 ALTER TABLE `races` ENABLE KEYS */;
UNLOCK TABLES;

--
-- Table structure for table `species`
--

DROP TABLE IF EXISTS `species`;
/*!40101 SET @saved_cs_client     = @@character_set_client */;
/*!40101 SET character_set_client = utf8 */;
CREATE TABLE `species` (
  `id` int(11) NOT NULL AUTO_INCREMENT,
  `name` varchar(255) COLLATE utf8_unicode_ci NOT NULL,
  `deleted_at` datetime DEFAULT NULL,
  PRIMARY KEY (`id`)
) ENGINE=InnoDB AUTO_INCREMENT=3 DEFAULT CHARSET=utf8 COLLATE=utf8_unicode_ci;
/*!40101 SET character_set_client = @saved_cs_client */;

--
-- Dumping data for table `species`
--

LOCK TABLES `species` WRITE;
/*!40000 ALTER TABLE `species` DISABLE KEYS */;
INSERT INTO `species` VALUES (1,'Perro',NULL),(2,'Gato',NULL);
/*!40000 ALTER TABLE `species` ENABLE KEYS */;
UNLOCK TABLES;

--
-- Table structure for table `specimens`
--

DROP TABLE IF EXISTS `specimens`;
/*!40101 SET @saved_cs_client     = @@character_set_client */;
/*!40101 SET character_set_client = utf8 */;
CREATE TABLE `specimens` (
  `id` int(11) NOT NULL AUTO_INCREMENT,
  `origin_id` int(11) DEFAULT NULL,
  `location_id` int(11) DEFAULT NULL,
  `race_id` int(11) DEFAULT NULL,
  `origin_identification` varchar(255) COLLATE utf8_unicode_ci NOT NULL,
  `name` varchar(255) COLLATE utf8_unicode_ci NOT NULL,
  `image` varchar(255) COLLATE utf8_unicode_ci DEFAULT NULL,
  `description` longtext COLLATE utf8_unicode_ci,
  `summary` longtext COLLATE utf8_unicode_ci,
  `sex` varchar(1) COLLATE utf8_unicode_ci DEFAULT NULL,
  `birthdate` date DEFAULT NULL,
  `entrydate` date DEFAULT NULL,
  `deleted_at` datetime DEFAULT NULL,
  PRIMARY KEY (`id`),
  KEY `IDX_F599311E56A273CC` (`origin_id`),
  KEY `IDX_F599311E64D218E` (`location_id`),
  KEY `IDX_F599311E6E59D40D` (`race_id`),
  CONSTRAINT `FK_F599311E56A273CC` FOREIGN KEY (`origin_id`) REFERENCES `origins` (`id`),
  CONSTRAINT `FK_F599311E64D218E` FOREIGN KEY (`location_id`) REFERENCES `locations` (`id`),
  CONSTRAINT `FK_F599311E6E59D40D` FOREIGN KEY (`race_id`) REFERENCES `races` (`id`)
) ENGINE=InnoDB AUTO_INCREMENT=183 DEFAULT CHARSET=utf8 COLLATE=utf8_unicode_ci;
/*!40101 SET character_set_client = @saved_cs_client */;

--
-- Dumping data for table `specimens`
--

LOCK TABLES `specimens` WRITE;
/*!40000 ALTER TABLE `specimens` DISABLE KEYS */;
INSERT INTO `specimens` VALUES (49,1,1,5,'1453589882090','Naira','http://www.coruna.es//IMG/P_Contenido_1442845686940_860_1000_U_824ce393b131facc7fc525345cc144e.jpg','Naira es una cachorrita inquieta y muy juguetona. Para su adopción es necesario disponer de licencia de animales potencialmente peligrosos.\n','Hembra, color marrón y blanca, tamaño grande.\n','f','2016-01-22','2016-03-22',NULL),(50,1,1,5,'1453585425212','Rubia','http://www.coruna.es//IMG/P_Contenido_1442845219812_860_1000_U_2bd95efddbd4cf8acd9858eddfec6b8.jpg','Rubia fue entregada por su propietario por motivos personales. Muestra buen comportamiento, es un poco asustadiza y se lleva bien con otros animales.\n','Hembra, color canela, tamaño mediano.\n','f','2013-03-18','2016-03-18',NULL),(51,1,1,5,'1453594992544','Gala','http://www.coruna.es//IMG/P_Contenido_1442846735518_860_1000_U_a9e81b95d3707ace384a0c3e995bb18.jpg','Gala es muy tranquila y se lleva bien con otros animales. Esperamos que pronto tengamos un nuevo hogar para ella.\n','Hembra, color negra, marrón y blanca, tamaño grande.\n','f','2016-04-15','2016-05-30',NULL),(52,1,1,5,'1453600859448','Tibi','http://www.coruna.es//IMG/P_Contenido_1442847630033_860_1000_U_14b16d6f888710801dca8939d64c96.jpg','Tibi es un perro con mucha fuerza y energía que necesita de una nueva familia que le pueda dedicar tiempo para compartir grandes caminatas y que le den mucho cariño.\n','Macho, tricolor, tamaño grande.\n','m','2013-08-25','2016-08-25',NULL),(53,1,1,NULL,'1437700564812','Tigresa','http://www.coruna.es//IMG/P_Contenido_1442845170203_860_1000_U_d1fcd1f2b8643c46861f751c917ea59.jpg','Tigresa fue recogida por uno de nuestros laceros y lleva con nosotros un par de meses. De momento nadie se ha interesado por ella. Es necesaria licencia de animales potencialmente peligrosos para su adopción.','Hembra, atigrada y blanca, tamaño grande.','f','2014-05-03','2015-05-03',NULL),(54,1,1,5,'1453604015847','Pancho','http://www.coruna.es//IMG/P_Contenido_1442848262761_860_1000_U_a223817c68ca252d7e17adf4bb37c68a.jpg','Pancho es un precioso cachorrito al que le estamos buscando un nuevo hogar. Nadie lo ha reclamado desde que está con nosotros y es un perro inquieto y muy juguetón.\n','Macho, negro y blanco, cachorro.\n','m','2016-06-30','2016-09-30',NULL),(55,1,1,5,'1445476364319','Nock','http://www.coruna.es//IMG/P_Contenido_1442847988580_860_1000_U_5a768bcbf884066d1a0679710e683d6.jpg','Nock es un perro tranquilo, obediente y que se lleva bien con otros perros. De momento no hemos conseguido encontrarle un nuevo hogar pero esperamos conseguirle pronto una nueva familia.','Macho, color negro, tamaño mediano.','m','2013-08-01','2015-08-01',NULL),(56,1,1,5,'1453597678571','Rex','http://www.coruna.es//IMG/P_Contenido_1442847087231_860_1000_U_3afd138fc1b854cf4fff34e423867c.jpg','Rex es un perro que cuando lo recogimos no tenía movilidad en las patas traseras debido probablemente a un posible atropello. Después de ser tratado en nuestras instalaciones está ya disponible para salir en adopción y totalmente recuperado aunque tiene una muy leve cojera.\n','Mestizo, color blanco negro y marrón.\n','m','2016-01-24','2016-06-24',NULL),(57,1,1,5,'1453602518123','Yumi','http://www.coruna.es//IMG/P_Contenido_1442848026097_860_1000_U_d1218e10a6e34dd6544245cc5613089.jpg','Yumi fue entregada por su propietario por motivos personales. Al principio es un poco desconfiada pero pronto se encariña con uno cuando le das un poco de mimos.\n','Hembra, marrón, tamaño mediano.\n','f','2015-03-17','2016-09-17',NULL),(58,1,1,5,'1453602517484','Tula','http://www.coruna.es//IMG/P_Contenido_1442848025963_860_1000_U_c1c428f8f8c4e4a885c9cfe2244d90.jpg','Tula es una perrita que fue entregada por su propietario por motivos personales. Su comportamiento es bueno y sólo necesita cariño y tiempo para adaptarse a un nuevo hogar.\n','Hembra, marrón y blanca, tamaño mediano.\n','f','2011-05-01','2016-09-21',NULL),(59,1,1,5,'1414118881130','Pou','http://www.coruna.es//IMG/P_Contenido_1442845169941_860_1000_U_50756788b49e5ccc875f6baa5c66c78f.jpg','Pou fue abandonado delante de la puerta de nuestras instalaciones. Es un perro muy jugueton, con mucha energia, cariñoso y muy bueno.','Macho, color blanco y marrón, tamaño mediano.','m','2013-10-01','2014-10-12',NULL),(60,1,1,8,'1438219205364','Tiniebla','http://www.coruna.es//IMG/P_Contenido_1442841616562_860_1000_U_7884a816718596d326d3c8ac3e32d80.jpg','Tiniebla fue encontrada por nuestros laceros hace ya varios meses y de momento nadie se ha interesado por ella. Esperamos que pronto tenga una nueva familia.','Gata común negra.','f','2008-01-05','2015-01-05',NULL),(61,1,1,NULL,'1453604015123','LUA','http://www.coruna.es//IMG/P_Contenido_1442848262344_860_1000_U_de3625f9c4194e53c3750a5ba7df1ef.jpg','Lua fue entregada por su propietario por motivos personales. Desde su llegada ha mostrado buen carácter y es muy tranquila.\n','Hembra, negra y marrón, tamaño grande.\n','f','2011-11-15','2016-09-29',NULL),(62,1,1,5,'1453604462232','Meireles','http://www.coruna.es//IMG/P_Contenido_1442848332046_860_1000_U_ec792ffbda2769897446e28d994ab7.jpg','Meireles es un precioso cachorro al que le estamos buscando un nuevo hogar. Es juguetón e inquieto y le encantan los mimos.\n','Macho, color marrón y blanco, tamaño mediano.\n','m','2016-07-13','2016-09-13',NULL),(63,1,1,1,'1453604457933','Kita','http://www.coruna.es//IMG/P_Contenido_1442848331426_860_1000_U_2fcfadb768825890b2b3b89cd6fb0.jpg','Kita es una joven perrita a la que le estamos buscando una nueva familia. Para este tipo de razas es necesario licencia de animales potencialmente peligrosos. Su comportamiento es muy bueno y es muy tranquila.\n','Hembra, marrón y blanca, tamaño mediano.\n','f','2016-01-09','2016-08-09',NULL),(64,1,1,8,'1453596927552','Gatitos','http://www.coruna.es//IMG/P_Contenido_1442846973210_860_1000_U_db85d6eee3f733f69df7cf57a213ac1.jpg','Gatitos de aproximadamente 30 dias, varios colores. Machos y hembras.\n','Gatitos de aproximadamente 1 mes\n','f','2016-06-01','2016-07-11',NULL),(65,1,1,5,'1421115268371','Wendy','http://www.coruna.es//IMG/P_Contenido_1442845170005_860_1000_U_e1e6af8c47705f93ec03b1d3aa576c.jpg','Wendy fue recogida por uno de nuestros laceros en la zapateira. Es una perra muy asustadiza pero su comportamiento es bueno. La persona que la adopte necesitará darle un tiempo para ganarse su confianza.','Hembra, color marrón y blanca, tamaño mediano.','f','2013-12-28','2014-12-28',NULL),(66,1,1,8,'1453583972135','Nancy','http://www.coruna.es//IMG/P_Contenido_1442845051079_860_1000_U_65e936c898ca843219eca5bd66fea9c.jpg','Nancy es una gatita muy tranquila a la que esperamos encontrarle pronto una familia\n','Gata común, atigrada con reflejos dorados.\n','f','2014-08-31','2015-08-31',NULL),(67,1,1,5,'1453587995880','Cloe','http://www.coruna.es//IMG/P_Contenido_1442845428830_860_1000_U_b73a70fcda7939196c4c4f69a169839.jpg','Cloe es una perra muy cariñosa, activa y que muestra buen comportamiento con otros perros.\n','Mestiza, color negra y marrón, tamaño grande.\n','f','2014-03-23','2016-03-23',NULL),(68,1,1,5,'1453596712957','Pequi','http://www.coruna.es//IMG/P_Contenido_1442846926090_860_1000_U_a5bd35197992e650e25c571196ffb7c8.jpg','Pequi fue recogida por uno de nuestros laceros estando preñada y ya ha dado luz a varios cachorritos. Ahora le estamos buscando un nuevo hogar donde pueda comenzar una nueva etapa de su vida donde le brinden todo el cariño que se merece.\n','Hembra, color negra y marrón, tamaño pequeño.\n','f','2015-01-03','2016-05-03',NULL),(69,1,1,5,'1453598590549','Dani','http://www.coruna.es//IMG/P_Contenido_1442847320925_860_1000_U_554797304353ad24b9703b99ceae28f8.jpg','Dani fue encontrado en la zona del parque de Vioño y nadie lo ha reclamado hasta la fecha. Es un perro que muestra buen comportamiento y se lleva bien con otros perros. Es un tanto desconfiado por lo que necesita de tiempo para ganarse su cariño.\n','Macho, color marrón, tamaño pequeño.\n','m','2013-07-29','2016-07-29',NULL),(70,1,1,5,'1453586769687','Neo','http://www.coruna.es//IMG/P_Contenido_1442845332541_860_1000_U_4df6b246492152bdd0d4825e927f65dc.jpg','Neo fue recogido por uno de nuestros laceros cuando corria desorientado. Es un perro muy bueno y un poco asustadizo hasta que tiene la suficiente confianza.\n','Mestizo, color marrón, tamaño mediano.\n','m','2014-10-01','2016-04-01',NULL),(71,1,1,5,'1453604020009','Dana','http://www.coruna.es//IMG/P_Contenido_1442848262890_860_1000_U_49cc55bb1bb3d78224a8897cf1c5f90.jpg','Dana fue entregada por su propietario por motivos personales. Está acostumbrada a vivir en un piso y es muy tranquila y cariñosa cuando tiene confianza.\n','Hembra, marrón y blanca, tamaño mediano.\n','f','2015-03-26','2016-09-26',NULL),(72,1,1,5,'1453596787335','Nelson','http://www.coruna.es//IMG/P_Contenido_1442846937450_860_1000_U_4f9a5c7a98918831e8b0eae06c9628.jpg','Nelson es un perro muy tranquilo que muestra buen comportamiento con otros perros. Es un compañero ideal para aquellas personas que puedan brindarle un nuevo hogar.\n','Macho, color negro y marrón, tamaño mediano.\n','m','2012-06-20','2016-06-20',NULL),(73,2,NULL,5,'47683','Duna','http://www.mundoanimalia.com/images/protectora/ejemplares/7b/01/1f/308aa0735742812f56e74349bb84c3e8/pizap_com14271299525471.jpg','DUNA pertenecía a una rehala pero ya tenía 8 años y una hernia enorme, así que ya no les era útil y simplemente la llevaron a la perrera!!. Es una perra super cariñosa y le encanta estar con las personas, pero que no se relaciona demasiado con los otros perros. Ella se queda en su zona y que no la molesten, que ella no molesta. Necesita salir del refugio ya que lleva toda su vida sin ningún tipo de cariño y rodeada de perros.','Raza: podenco portugues. Macho de 10 años. Tamaño: Mediano','f',NULL,NULL,NULL),(74,2,NULL,5,'52607','Nuez','http://www.mundoanimalia.com/img/responsive/no_photo/perro_300_300.jpg','Tranquila, sumisa, cariñosa y sociable','Raza: mestiza. Hembra de 8 años. Tamaño: Grande','f',NULL,NULL,NULL),(75,2,NULL,5,'36216','Lolo','http://www.mundoanimalia.com/images/protectora/ejemplares/47/a8/73/033c4efe2b8505afc224b23c975b8cba/10390305_677276972345862_925437420765869069_n.jpg','Macho de apenas 4 añitos, pequeñito, tipo raza teckel de pelo corto. Muy bueno con niños y otros perros. No se vende ni se regala, se da en adopción, con contrato de adopción y seguimiento con la protectora. 8 vacunas y revisión veterinaria, desparasitación, chip y Pasaporte al día. Sólo Madrid, se manda información por whatsapp o vía correo electrónico. Si veis que el teléfono de la prote esta apagado con un correo os escribimos. Email: mascan.cam@gmail.com Whatsapp: 620824962 Rogamos paciencia pues somos voluntarias.','Raza: X-Teckel. Macho de 7 años. Tamaño: Pequeño','m',NULL,NULL,NULL),(76,2,NULL,NULL,'25356','Lucas','http://www.mundoanimalia.com/images/protectora/ejemplares/4e/ab/82/27b220fb2f9535bf062956cae477643c/lucas.jpg','Perros de carácter sociable con humanos, dificil con otros perros','Raza: Pastor Alem. Macho de 9 años. Tamaño: Grande','m',NULL,NULL,NULL),(77,2,NULL,8,'56185','Jade','http://www.mundoanimalia.com/images/protectora/ejemplares/ba/59/3d/b5f3152550f790faaa6b4f333a7c3364/Jade_2.jpg','Jade es un gato grande y sociable, cariñoso y juguetón. Tiene el rabito muy cortito de nacimiento. Se lleva bien con otros gatos y no tienen problemas con las personas. Es negativo en Inmuno y Leucemia','Raza: Europeo. Macho de 6 años.','m',NULL,NULL,NULL),(78,2,NULL,8,'46574','Lucien','http://www.mundoanimalia.com/images/protectora/ejemplares/33/24/11/287e4d8dbd69df6f6d499342ae4c51f9/a_3161425853174.jpg','Animales publicados: 45 Adopción Urgente: 19 En mundoAnimalia desde 18/11/2013 Somos un grupo de personas que queremos a los animales y que creemos que merecen tener una vida digna. Fundació Silvestre promueve la creación de colonias controladas de gatos callejeros en Barcelona en las que aplicamos el método Captura-Esterilización-Devolución. Tenemos un refugio en el que acogemos gatos que por razones de salud no pueden seguir viviendo en las colonias de la calle y que al mismo tiempo sirve como plataforma para la adopción. Por último realizamos campañas de sensibilización de la población para dar a conocer estos maravillosos animales que son tan desconocidos en nuestro país.','Raza: Europea. Macho de 8 años.','m',NULL,NULL,NULL),(79,2,NULL,5,'56095','ARIZONA','http://www.mundoanimalia.com/images/protectora/ejemplares/35/38/09/d9134e2a6f8525e080a9c984f9b26ccf/ari4.jpg','CARIÑOSA, NO SOPORTA ESTAR SOLA Y LE ENCANTA EL AGUA','Raza: MESTIZO LABRADOR. Hembra de 8 años. Tamaño: Mediano','f',NULL,NULL,NULL),(80,2,NULL,5,'18173','MICKEY','http://www.mundoanimalia.com/images/protectora/ejemplares/59/ef/af/9ebd41e6cbc1e14780805f6fc0d65867/mickey_nuevo_look.jpg','NO LE GUSTA QUE LO ATOSIGUEN, PERO LE ENCANTAN LOS MIMOS (más info en www.sosgolden.org)','Raza: COCKER SPANIEL. Macho de 10 años. Tamaño: Pequeño','m',NULL,NULL,NULL),(81,2,NULL,8,'45537','Saskia','http://www.mundoanimalia.com/images/protectora/ejemplares/52/47/08/21de0cb3f150ce7676be632a53580651/a_3101423134730.jpg','Animales publicados: 45 Adopción Urgente: 19 En mundoAnimalia desde 18/11/2013 Somos un grupo de personas que queremos a los animales y que creemos que merecen tener una vida digna. Fundació Silvestre promueve la creación de colonias controladas de gatos callejeros en Barcelona en las que aplicamos el método Captura-Esterilización-Devolución. Tenemos un refugio en el que acogemos gatos que por razones de salud no pueden seguir viviendo en las colonias de la calle y que al mismo tiempo sirve como plataforma para la adopción. Por último realizamos campañas de sensibilización de la población para dar a conocer estos maravillosos animales que son tan desconocidos en nuestro país.','Raza: Europea. Hembra de 11 años.','f',NULL,NULL,NULL),(82,2,NULL,8,'45473','Nieves','http://www.mundoanimalia.com/img/responsive/no_photo/gato_300_300.jpg','Es una gata tranquila, cariñosa y juguetona, que demanda constantemente tu atención. Se lleva bien con otros gatos, aunque es un poco celosa cuando acaricias a otro y no a ella. Necesita limpieza diaria de su ojito con agua, ya que tiene una afección crónica del ojo, ¡no contagiosa Negativ@ a inmunodeficiencia felina y leucemia, retestad@ a los dos meses para comprobar el resultado, analítica hecha. Se entrega vacunad@, desparasitad@, esterilizad@, con microchip y pasaporte SE ENVIA A OTRAS COMUNIDADES Trámites: Se firma contrato de adopción, se pide un donativo de 30 euros para cubrir parte de los gastos veterinarios.','Raza: común europeo. Hembra de 10 años.','f',NULL,NULL,NULL),(83,2,NULL,5,'54522','ODIEL','http://www.mundoanimalia.com/img/responsive/no_photo/perro_300_300.jpg','MUY TRANQUILO, DULCE Y CARIÑOSO','Raza: LABRADOR. Macho de 8 años. Tamaño: Grande','m',NULL,NULL,NULL),(84,2,NULL,8,'45543','Coco','http://www.mundoanimalia.com/images/protectora/ejemplares/59/b0/58/b51887d225c4084c4c75f34ae85ff5e8/a_151423133789.jpg','Estoy en el Refugio desde el año 2010. Nací en la Colonia Castells del Distrito de Les Corts, limpiaron el terreno para hacer bloques de pisos. Yo vivía allí con mis tres hermanitos. Voluntarios de la Fundación nos vieron solitos, nuestra madre no apareció y decidieron cogernos y levarnos al Refugio. Teníamos tres meses y muchísimo miedo, al principio no nos dejábamos tocar, pero con el tiempo y con mucha paciencia y con el cariño de los voluntarios nos fuimos volviendo dóciles. Mis hermanos fueron adoptados enseguida, cuando venían adoptantes ellos salían corriendo y se enamoraban de ellos y me quedé solito. Yo tengo un carácter más retraído, me escondía y no salía. En el refugio me cuidan mucho pero paso temporadas que no sé lo que me pasa que dejo de comer, el veterinario dice que es estrés, pero me pongo tan malito que me tienen ingresado una semana porque temen por mi vida. Me recupero porque soy fuerte y vuelvo otra vez al Refugio. En el Refugio estoy bien y soy feliz, soy muy','Raza: Europea. Macho de 7 años.','m',NULL,NULL,NULL),(85,2,NULL,5,'18521','Chico','http://www.mundoanimalia.com/images/protectora/ejemplares/e6/83/99/3643a063a3898ec4b50f3576209f23cb/chico.jpg','Muy equilibrado y sociable.Listo: abre las cancelas. Recomendado personas activas','Raza: mestizo. Macho de 8 años. Tamaño: Mediano','m',NULL,NULL,NULL),(86,2,NULL,8,'57256','Sissi','http://www.mundoanimalia.com/images/protectora/ejemplares/9b/7d/6d/6aa4b8b16714b6902f7f1127bcd142d0/Sissi_2_781x1030.jpg','Apareció en la calle junto a su madre Bertina y sus hermanas Sophie y Carita. Es una gata algo tímida que necesita sentirse segura para demostrar lo buenísima que es. Está esterilizada y es negativa en inmunodeficiencia y leucemia felinas.','Raza: Europeo. Hembra de 6 años.','f',NULL,NULL,NULL),(87,2,NULL,5,'32748','ANKARA','http://www.mundoanimalia.com/images/protectora/ejemplares/f3/83/da/72abaa8894cb6f7d827ac8e157b722f0/200909242359110_ankara.jpg','Está en el albergue desde principios de febrero del 2006, es dulce, tranquila y preciosa perra, podría compartir su vida con cualquier familia en una casa o apartamento, no importa su tamaño, ella es muy feliz con las personas, con otros perros no se lleva muy bien, pero comparte están con Laydy y son muy amigas. Su compañera fue adoptada y ahora está con PELUT. Fue esterilizada el 7-04-2012.','Raza: mestizo. Hembra de 12 años. Tamaño: Mediano','f',NULL,NULL,NULL),(88,2,NULL,5,'53045','HOUDINI','http://www.mundoanimalia.com/img/responsive/no_photo/perro_300_300.jpg','SOCIABLE, MUY BUENO Y CARIÑOSO, NO LE GUSTAN LOS GATOS','Raza: MESTIZO. Macho de 6 años. Tamaño: Pequeño','m',NULL,NULL,NULL),(89,2,NULL,8,'48024','Khan','http://www.mundoanimalia.com/images/protectora/ejemplares/15/ad/5a/3d5caa905203cb23e50296184c6ca735/a_3231430149203.jpg','Animales publicados: 45 Adopción Urgente: 19 En mundoAnimalia desde 18/11/2013 Somos un grupo de personas que queremos a los animales y que creemos que merecen tener una vida digna. Fundació Silvestre promueve la creación de colonias controladas de gatos callejeros en Barcelona en las que aplicamos el método Captura-Esterilización-Devolución. Tenemos un refugio en el que acogemos gatos que por razones de salud no pueden seguir viviendo en las colonias de la calle y que al mismo tiempo sirve como plataforma para la adopción. Por último realizamos campañas de sensibilización de la población para dar a conocer estos maravillosos animales que son tan desconocidos en nuestro país.','Raza: Europea. Macho de 12 años.','m',NULL,NULL,NULL),(90,2,NULL,5,'17056','NUT','http://www.mundoanimalia.com/images/protectora/ejemplares/d0/e1/62/2f834c6dc78805618e628fa9f02a39e4/nut2.jpg','UNA ABUELITA CON MUCHO CARIÑO QUE OFRECER Y NECESITA QUE LA CUIDEN PUES ESTÁ MALITA (más info en www.sosgolden.org)','Raza: MESTIZO. Hembra de 11 años. Tamaño: Mediano','f',NULL,NULL,NULL),(91,2,NULL,5,'56140','MIKO','http://www.mundoanimalia.com/images/protectora/ejemplares/25/30/76/71db2e20bffbd595a26ec4e7f8b99227/IMG_20130327_WA0001.jpg','es sociable y cariñoso que busca una nueva familia con la que compartir cariño y paseos.','Raza: mestizo. Macho de 6 años. Tamaño: Grande','m',NULL,NULL,NULL),(92,2,NULL,8,'53858','Noro','http://www.mundoanimalia.com/images/protectora/ejemplares/36/ae/6e/962f107e8c646ef1504314b5a74c283f/13451972774_56106e2f84_b.jpg','Salud: Esterilizado, testado y positivo en FeLV. Historia: Vivía entre nuestro refugio y las naves cercanas. Lo llamábamos el vecino porque entraba y salía como quería pero nunca llegaba a quedarse del todo. Desde que lo cogimos para esterilizarlo Noro pasa el tiempo en nuestro jardín. Ha descubierto lo buenas que son las personas y por eso merece la oportunidad de ser adoptado. LEE TODA SU HISTORIA Y MIRA TODAS SUS FOTOS EN: http: //defensafelina. org/ficha/262/','Raza: Europeo de pelo corto. Macho de 6 años.','m',NULL,NULL,NULL),(93,2,NULL,NULL,'44418','Roc','http://www.mundoanimalia.com/images/protectora/ejemplares/e6/25/6d/b3e6fdc36d0f16ef605f73a6ad7f89fb/reg_9388.jpg','Es puro nervio, cariñoso y noble. Con otros perros quiere jugar, pero tiene un nivel energético muy elevado y choca con otros que no tienen el mismo. Este tipo de perros acostumbra a mostrar problemas de comportamiento en una protectora, ya que conviven con unos 10 perros en una jaula y las situaciones de estrés pueden dar lugar a peleas. En casa no suelen mostrar ningún tipo de problemas.','Raza: Mestizo de Pit Bull. Macho de 8 años. Tamaño: Grande','m',NULL,NULL,NULL),(94,2,NULL,5,'3527','Guismo','http://www.mundoanimalia.com/images/protectora/ejemplares/4c/f6/af/b87470782489389f344c4fa4ceb5260c/reg_6755.jpg','Animales publicados: 326 Adopción Urgente: 16 En mundoAnimalia desde 06/10/2011 La nostra misió: · Fomentar el respecte i el bon tracte als animals. Vetllar per la seva protecció i defensa. · Promoure l\'esterilització dels animals de companyia per controlar la natalitat i prevenir així l\'abandonament massiu. · Conscienciar a la societat sobre la tinença responsable i el problema de l\'abandonament, així com promoure l\'adopció com a alternativa a la compra. · Aconseguir les millors condicions de vida pels habitants del nostre refugi.','Raza: Grif. Macho de 8 años. Tamaño: Mediano','m',NULL,NULL,NULL),(95,2,NULL,8,'53822','Tarifo','http://www.mundoanimalia.com/img/responsive/no_photo/gato_300_300.jpg','Salud: Esterilizado, testado y negativo en tests. Historia: Tarifo, es un gato negro de unos increíbles ojos color ámbar. Llegó siendo un cachorrito a nuestro refugio. Es un gato muy cariñoso y muy dependiente de las personas: le gusta que lo cojan, lo acaricien, lo achuchen. . . y él, a cambio, no parará de ronronear y jugar. Tarifo es encantador e incluso un poco cotilla! LEE TODA SU HISTORIA Y MIRA TODAS SUS FOTOS EN: http: //defensafelina. org/ficha/37/','Raza: Europeo de pelo corto. Macho de 7 años.','m',NULL,NULL,NULL),(96,2,NULL,5,'21771','Mirco','http://www.mundoanimalia.com/images/protectora/ejemplares/9a/53/6c/69a278df0e948bfa4fdfcfcbda822c73/Mirko_buena.gif','Edad: 1-08-2010. Mirco fue incautado por la policía porque su dueño lo maltrataba y lo tenía encerrado siempre en una terraza en pésimas condiciones de suciedad. Con nosotros ha engordado cerca de los 10 kilos, imaginaros su figura cuando llego. Ahora en la protectora es muy activo y cariñoso y está deseando que alguien lo adopte para conocer por fin la felicidad. Ultima modificacion el Martes, 25 de Marzo de 2014 14:57','Raza: Mestizo. Macho de 6 años.','m',NULL,NULL,NULL),(97,2,NULL,5,'56645','CHICA','http://www.mundoanimalia.com/images/protectora/ejemplares/0b/18/7e/ff64213c80404744c7568eaa427bb28f/w385_h667_no.jpg','Chica lle?o a nosotros tras la muerte de su dueño. Llegó muy triste pero su relación con otros perros y más personas le ha quitado esa tristeza. Es una perra muy fiel y seguidora, obediente, pasea con correa, sin correa, es tranquila. Ideal para pisos y personas mayores.','Raza: Mestiza. Hembra de 11 años. Tamaño: Pequeño','f',NULL,NULL,NULL),(98,2,NULL,NULL,'226','Lila','http://www.mundoanimalia.com/images/protectora/ejemplares/98/55/fa/9cfdf10e8fc047a44b08ed031e1f0ed1/reg_5224.jpg','Animales publicados: 326 Adopción Urgente: 16 En mundoAnimalia desde 06/10/2011 La nostra misió: · Fomentar el respecte i el bon tracte als animals. Vetllar per la seva protecció i defensa. · Promoure l\'esterilització dels animals de companyia per controlar la natalitat i prevenir així l\'abandonament massiu. · Conscienciar a la societat sobre la tinença responsable i el problema de l\'abandonament, així com promoure l\'adopció com a alternativa a la compra. · Aconseguir les millors condicions de vida pels habitants del nostre refugi.','Raza: Cruce Pastor Alem. Hembra de 7 años. Tamaño: Grande','f',NULL,NULL,NULL),(99,2,NULL,5,'20800','Santa / DI-14828','http://www.mundoanimalia.com/images/protectora/ejemplares/02/9b/37/1175b6cce68a536fbd862f2e43bf1175/principal.jpg','Entrada: 12/12/2010 Sexo: Femenino Tamaño: Mediano Altura: 60 cm aprox. Peso: 19 Kg aprox Esterilizado/a: Sí Nacimiento: 31/08/2010 Carácter Es una perrita encantadora, muy cariñosa, dulce y juguetona. Es una maravilla conviviendo con otros perros, se lo pasa en grande y es muy amistosa.Es muy lista, le encanta aprender trucos como dar la patita o sentarse.Agradece cualquier muestra de cariño, es una perrita muy noble. Convive bien con gatos.','Raza: mestizo. Hembra de 6 años. Tamaño: Mediano','f',NULL,NULL,NULL),(100,2,NULL,8,'56243','Curro','http://www.mundoanimalia.com/img/responsive/no_photo/gato_300_300.jpg','Curro es un gatito muy especial, para nosotras es el gato zen. No sabemos mucho de su historia, pero sabemos que llega al corazón de cualquiera con tan solo pasar unos minutos a su lado. Es ideal para personas que busquen la compañía incondicional de un gatito muy agradecido, pues es sumamente tranquilo, como si todo el día estuviese meditando, se sienta a tu lado sin hacer ruido y espera las caricias y mimos que quieran darle. Va hacia cualquiera que le dedique una mirada con su paso lento y rabito corto hacia arriba mientras va cerrando los ojitos pensando en el mimo que va buscando. Es un completo amor, muy muy dulce y se lleva bien con otros gatos. Ya es hora de que a este pequeño le den una oportunidad, nadie podría arrepentirse de sacarlo de allí.','Raza: Europeo. Macho de 6 años.','m',NULL,NULL,NULL),(101,2,NULL,5,'47671','Argos','http://www.mundoanimalia.com/images/protectora/ejemplares/8b/b7/48/4e7fe307a4595aa23ce04a51e757ec5f/pizap_com14235959415251.jpg','Argos vivió el infierno en una reala de donde fue rescatado junto a otros galgos, cariñoso y muy bueno','Raza: galgo. Macho de 6 años.','m',NULL,NULL,NULL),(102,2,NULL,5,'49509','Bolt','http://www.mundoanimalia.com/images/protectora/ejemplares/25/31/07/b399bd87fbb9e77be540a03191f109e9/a_3211432544260.jpg','Animales publicados: 45 Adopción Urgente: 19 En mundoAnimalia desde 18/11/2013 Somos un grupo de personas que queremos a los animales y que creemos que merecen tener una vida digna. Fundació Silvestre promueve la creación de colonias controladas de gatos callejeros en Barcelona en las que aplicamos el método Captura-Esterilización-Devolución. Tenemos un refugio en el que acogemos gatos que por razones de salud no pueden seguir viviendo en las colonias de la calle y que al mismo tiempo sirve como plataforma para la adopción. Por último realizamos campañas de sensibilización de la población para dar a conocer estos maravillosos animales que son tan desconocidos en nuestro país.','Raza: Cruce Bulldog francés. Macho de 7 años. Tamaño: Pequeño','m',NULL,NULL,NULL),(103,2,NULL,5,'56129','Barbi','http://www.mundoanimalia.com/img/responsive/no_photo/perro_300_300.jpg','Pesa unos 10-12 kilitos. Es una perrita encantadora, muy cariñosa con todas las personas aunque no las conozca de nada. Es simpática y siempre va moviendo su mini rabito a todas partes.Se lleva genial con todos los perros y ha hecho pandilla con un grupo de hembritas del centro donde siempre se apunta a jugar con ellas.','Raza: Mestiza. Hembra de 9 años. Tamaño: Pequeño','f',NULL,NULL,NULL),(104,2,NULL,8,'56249','Pocholo','http://www.mundoanimalia.com/images/protectora/ejemplares/2d/c7/20/e10ddd1e1a89b3dfbd7c5c1a9b52b5fa/cache_21003077.jpg','Pocholo es un gatito que después de 10 años, su familia lo entregó a la perrera. La excusa fué que de repente el otro gato empezó a pegarle y la convivencia se hizo imposible. No sabemos que cuanto ciento hay en esto, pero Pocholo no busca peleas. Es algo tímido al principio con gente que no conoce ya que después de 10 años estaba acostumbrado a ver siempre las mismas personas, pero poco a poco va entendiendo la situación. Es otro de os gatos enormes que hay en jaulas muy pequeñas, necesita salir de allí urgentemente.','Raza: Europeo. Macho de 6 años.','m',NULL,NULL,NULL),(105,2,NULL,5,'47705','Mundo','http://www.mundoanimalia.com/images/protectora/ejemplares/21/ac/2b/b0b75c3f654f444cd535f16487223151/pizap_com14254692034581.jpg','MUNDO, abandonado en un parque de Sevilla desnutrido, muy sucio y muy débil ahora está totalmente recuperado. Tiene mucha vitalidad a pesar de sus 8 años. Se lleva muy bien con otros perros. Es un poco dependiente, te sigue a todos lados, muy cariñoso y un poco celoso (aunque se está trabajando). Es extremadamente paciente con los niños. Sabe andar con correa. Es un perro ideal para una persona mayor ya que está totalmente educado.','Raza: x pequines. Macho de 9 años. Tamaño: Pequeño','m',NULL,NULL,NULL),(106,2,NULL,8,'53835','Denzel','http://www.mundoanimalia.com/images/protectora/ejemplares/36/8d/32/b743c85d908ad51d4f7003dccaa4044e/20250785480_9ecc90148d_b.jpg','Salud: Esterilizado, testado y positivo en FiV. Historia: Era un gato negro, grande y muy miedoso cuando llegó al refugio. Era el menos conocido por todos porque siempre estaba escondido. Lo fuimos a considerar no adoptable, hasta que después de su esterilización, todo cambio. Ahora busca juegos y caricias sin parar. Es tan cariñosísimo y tan noble. . . siempre buscando besitos. LEE TODA SU HISTORIA Y MIRA TODAS SUS FOTOS EN: http: //defensafelina. org/ficha/223/','Raza: Europeo de pelo corto. Macho de 6 años.','m',NULL,NULL,NULL),(107,2,NULL,NULL,'12267','Yacko','http://www.mundoanimalia.com/images/protectora/ejemplares/ba/b1/62/1d21c3a84d2fdfaab4c97764f8bb27d7/reg_7402.jpg','Nacido a finales del 2009. Es un perro enérgico y muy cariñoso con la gente. Llegó con problemas de estrés y comportamientos agresivos interespecie. Se está trabajando desde hace unos meses para reducirlo. Sus problemas de estrés le hacen morder la correa compulsivamente cada vez que hay alguien que le desconcierta. Necesita una familia con muchas ganas de trabajar con él y de dejarse querer.','Raza: Mestizo de Pastor Alem. Macho de 6 años. Tamaño: Grande','m',NULL,NULL,NULL),(108,2,NULL,5,'56100','JACOB','http://www.mundoanimalia.com/images/protectora/ejemplares/6d/06/ec/503fb94cb0d1c60c0a2edee60048bf5b/jacob_2015_2.jpg','LE ENCANTA CORRER PERO ES INSEGURO Y LE CUESTA ESTAR CON OTROS PERRETES (más info en www.sosgolden.org)','Raza: MESTIZO. Macho de 6 años. Tamaño: Mediano','m',NULL,NULL,NULL),(109,2,NULL,5,'356','Teo','http://www.mundoanimalia.com/images/protectora/ejemplares/58/61/f6/6c524f9d5d7027454a783c841250ba71/reg_4867.jpg','Teo está con nosotros des del 23 de enero de 2010, tiene unos tres años. Necesita una familia tranquila, ya que su problema es el estrés. Al principio estaba en un patio con otros perros pero la acumulación de estrés provocó que le mordieran, por lo que empezó a desconfiar de los perros e intentaba morder-los, empecemos a trabajar con él para reducir-le el estrés y poco a poco a ido perdiendo el miedo y ganando confianza, aun que sigue padeciendo estrés está mucho mejor y puede estar de nuevo con otros perros en uno de los patios. Le gusta ir un poco a su aire aunque como a todos, le encanta que le digan cosas y le mimen, en los paseos con correa se porta muy bien, hay que tener un poco de paciencia y hacer las cosas sin prisas, intentar que el ambiente sea lo mas tranquilo posible, es por eso que en una casa tranquila sería un perro feliz.','Raza: Mestizo. Macho de 7 años. Tamaño: Grande','m',NULL,NULL,NULL),(110,2,NULL,5,'18545','Tito','http://www.mundoanimalia.com/images/protectora/ejemplares/55/bc/5a/da27d51c6cf1872b5d8089dfe221c35a/Tito.jpg','Líder manada. Incompatible perros más pequeños. Recomendado para Vigilancia.','Raza: X Mast. Macho de 7 años. Tamaño: Grande','m',NULL,NULL,NULL),(111,2,NULL,5,'20855','Chocolate / MA-1535','http://www.mundoanimalia.com/images/protectora/ejemplares/39/8f/19/5f679cac1ebdeda165eb49cc3015fd9e/principal.jpg','Entrada: 09/03/2007 Sexo: Masculino Tamaño: Mediano Altura: 56 cm aprox Esterilizado/a: Sí Nacimiento: 28/08/2004 Apadrinado/a: Por Patricia Gouffé de Gandia Carácter Chocolate es muy tierno y cariñoso, le encantan los mimos y es todo un solete. Le gusta jugar, pasear y sobre todo el cariño de las personas. Es muy tranquilo y bueno, un perro con el que disfrutar. En casa se porta estupendamente. Se merece una familia, lo abandonaron enseguida y no ha recibido más cariño que el de los voluntarios. Lleva años esperando una familia a la que colmar de cariño y felicidad.','Raza: mestizo. Macho de 12 años. Tamaño: Mediano','m',NULL,NULL,NULL),(112,2,NULL,5,'56181','Hilde','http://www.mundoanimalia.com/images/protectora/ejemplares/9b/a3/98/a0f88591c5c5690724e3fbefe1e490e8/Hilde_4.jpg','Hilde es una perra espacial. Puro amor, alegria de vivir y toda una lección de superación. La primera vez que la vimos estaba vencida, apenas reaccionaba en la jaula de la perrera de donde se rescató. Tenía tumores y se operó, se le extirparon las dos cadenas mamarias para que ya nunca fuera a tener problemas. Ya recuperada, Hilde ha rejuvenecido, se muestra confiada, cariñosa y alegre. Es una perra limpia (sabe hacer sus necesidades fuera), es obediente y muy cariñosa. Se lleva bien con otros perros y le encantan los niños. Esta perra merece una segunda oportunidad, merece pasar los que seguro son todavía muchos años con una familia que la quiera, que su edad no la haga invisible, ella se siente una chiquilla ¡Ven a conocerla!','Raza: Mestiza. Hembra de 9 años. Tamaño: Mediano','f',NULL,NULL,NULL),(113,2,NULL,5,'28763','﻿Chaumet','http://www.mundoanimalia.com/images/protectora/ejemplares/f1/28/29/52e56b822322cbc9dc33606cfc3edd1c/10365947_677364605670432_4351598496741036396_n.jpg','Chaumet. Cocker hembra de 7 años. Madrid. Dulce, buenisima y sociable con perros, personas, gatos, etc. La pobre tiene la mandíbula rota pero no se puede operar, aunque tampoco se le nota nada fisicamente. Hace vida normal y come normal. Le damos pienso de bolitas pequeñas para mayor facilidad pero por lo demas está sana. Contacta con nosotros y pidenos el formulario de pre-adopción si deseas darle ese hogar que se merece. Email: mascan.cam@gmail.com (preferiblemente) Whatsapp: 620824962 (horario comercial) Rogamos paciencia pues somos voluntarias.','Raza: Cocker. Hembra de 10 años. Tamaño: Mediano','f',NULL,NULL,NULL),(114,2,NULL,5,'56193','Loulou','http://www.mundoanimalia.com/images/protectora/ejemplares/e2/99/36/e97f4360f6ecf96cf0b3b580ad4c43eb/LouLou_1_708x1030.jpg','Loulou fue adoptada siendo una cachorrita de pocos meses de vida, pero el destino y la mala suerte ha hecho que vuelva con nosotros, a una jaula. Su familia por problemas personales no podía seguir atendiéndola y así Loulou perdió toda su vida, borrada en unos minutos toda su felicidad, su hogar, etc Loulou ahora neceista recuperar lo antes posible aquello que tuvo, ya que la vida en la residencia tras estar desde pequeña en un hogar no es fácil. Ella es una perra tranquila, muy buena y cariñosa, sociable con otros perros. Y esta deseando que su nueva familia cruce la puerta de la residencia junto a ella, para comenzar una nueva vida','Raza: Mestiza. Hembra de 7 años. Tamaño: Mediano','f',NULL,NULL,NULL),(115,2,NULL,5,'47703','Melibea','http://www.mundoanimalia.com/images/protectora/ejemplares/9d/c4/7a/4a274477925a2549b5872a8322dea91e/DSC_0199_Small.jpg','Melibea fue rescata junto a otros galgos de una reala donde vivían en un infierno, ahora espera una familia en nuestro refugio, cariñosa y tranquila como suelen ser los animales de esta raza','Raza: galgo. Hembra de 6 años.','f',NULL,NULL,NULL),(116,2,NULL,6,'50340','O\'Hara','http://www.mundoanimalia.com/images/protectora/ejemplares/67/e2/06/4cd436bf13296d674d046c80f7e7ecde/a_3421434364815.jpg','Animales publicados: 45 Adopción Urgente: 19 En mundoAnimalia desde 18/11/2013 Somos un grupo de personas que queremos a los animales y que creemos que merecen tener una vida digna. Fundació Silvestre promueve la creación de colonias controladas de gatos callejeros en Barcelona en las que aplicamos el método Captura-Esterilización-Devolución. Tenemos un refugio en el que acogemos gatos que por razones de salud no pueden seguir viviendo en las colonias de la calle y que al mismo tiempo sirve como plataforma para la adopción. Por último realizamos campañas de sensibilización de la población para dar a conocer estos maravillosos animales que son tan desconocidos en nuestro país.','Raza: Cruce de persa. Hembra de 11 años.','f',NULL,NULL,NULL),(117,2,NULL,8,'26822','Panterita','http://www.mundoanimalia.com/images/protectora/ejemplares/12/1d/e7/3173192115885db08462ebc49a44a27a/2012_12_24_20_34_06.jpg','Sociable con perros pequeños y tranquilos, se ha pasado la mayor parte de su vida encerrado en un transportín, no es un gato cariñoso, aunque siempre esta dispuesto a jugar.','Raza: Europeo. Macho de 6 años.','m',NULL,NULL,NULL),(118,2,NULL,8,'56168','Bertina','http://www.mundoanimalia.com/images/protectora/ejemplares/27/0b/3b/2b73e45fb99230e3426779dc70378ad4/Bertina_3.jpg','Apareció en la calle junto a sus hijas Sissy, Sophie y Carita. Es una gata tímida que necesita sentirse segura para demostrar lo buenísima que es. Está esterilizada y es negativa en inmunodeficiencia y leucemia felinas.','Raza: Europeo. Hembra de 6 años.','f',NULL,NULL,NULL),(119,2,NULL,5,'18953','Palmera','http://www.mundoanimalia.com/images/protectora/ejemplares/88/0a/f7/bc1cd298247f3f23db7249e6fc53f83c/palmera.jpg','Palmera es una ancianita muy tranquila. Casi no necesita cuidados, sólo un buen lugar acolchadito donde tumbarse. Como todos los viejitos oye un poquito mal y está cieguita de un ojo, pero no por eso vamos a dejar de buscarle un hogar... ¿Quieres darle una oportunidad?','Raza: Setter Irlandés. Hembra de 14 años. Tamaño: Mediano','f',NULL,NULL,NULL),(120,2,NULL,5,'26316','TRISTAN','http://www.mundoanimalia.com/img/responsive/no_photo/perro_300_300.jpg','De nuestro querido amigo Tristán; simpático, juguetón y cariñoso,muy sociable con la gente y con los demás perros,activo y alegre,de patitas cortas y cuerpo algo alargado,no sabemos mucho de su historia. Pero no por ello, deja de ser menos triste,dolorosa y conmovedora que la del resto de sus compañeros. Tristán fue abandonado cerca de un pueblo,desorientado y asustado. Cruzaba la carretera de un lado a oto, oliendo todo lo que había a su alrededor, olfateando algún rastro que fuera conocido para él y que le pudiera servir para encontrar a los que él creía que eran sus fieles amigos. Tristán no fue atropellado,ni llegó con heridas o golpes,pero si vino a la protectora con su pequeño corazón roto y sus ojos tristes y temerosos.Él sentía que había perdido a su familia,que se había despistado de ellos y no lograba encontrarlos,pero estaba seguro de que vendrían a buscarle. Tristán no sabía que le habían abandonado siendo conscientes de lo que hacían y sin ninguna preocupación por','Raza: Cruce. Macho de 7 años. Tamaño: Pequeño','m',NULL,NULL,NULL),(121,2,NULL,8,'53785','Denzel','http://www.mundoanimalia.com/img/responsive/no_photo/gato_300_300.jpg','Salud: Esterilizado, testado y positivo en FiV. Historia: Era un gato negro, grande y muy miedoso cuando llegó al refugio. Era el menos conocido por todos porque siempre estaba escondido. Lo fuimos a considerar no adoptable, hasta que después de su esterilización, todo cambio. Ahora busca juegos y caricias sin parar. Es tan cariñosísimo y tan noble. . . siempre buscando besitos. LEE TODA SU HISTORIA Y MIRA TODAS SUS FOTOS EN: http: //defensafelina. org/ficha/223/','Raza: Europeo de pelo corto. Macho de 6 años.','m',NULL,NULL,NULL),(122,2,NULL,5,'31196','WHITE','http://www.mundoanimalia.com/images/protectora/ejemplares/1e/19/40/6a6a73c9c5eecb746b0ab4c888939818/white_23.jpg','TÍMIDO, PERO CARIÑOSO Y SOCIABLE (más info en www.sosgolden.org)','Raza: GALGO. Macho de 9 años. Tamaño: Mediano','m',NULL,NULL,NULL),(123,2,NULL,5,'20759','Donald / AB-061047','http://www.mundoanimalia.com/images/protectora/ejemplares/28/76/96/c310688b6d82ca7ea9c1889ccc3416ee/principal.jpg','Entrada: 27/02/2012 Sexo: Masculino Tamaño: Grande Altura: 70 cm aprox Esterilizado/a: Si Nacimiento: 27/04/2007 Apadrinado/a: Por la asociación Les Pattounes du Coeur de Suiza Carácter Donald es un buen perro, noble, cariñoso, tranquilo.. y necesita que alguien cambie su vida de una vez por todas. Lleva ya mucho tiempo sin un verdadero hogar.','Raza: mestizo. Macho de 9 años. Tamaño: Grande','m',NULL,NULL,NULL),(124,2,NULL,5,'32743','TROSKY','http://www.mundoanimalia.com/images/protectora/ejemplares/15/d3/39/7908fdeb815a9456c2613f3bc84de1e4/201211090202050_TROSKY_05_11_2012_M_3A_50CM_G.jpg','Antes se llamaba INDI, lo adoptaron cuando tenía tres meses, ahora la vida se complica para todos y por problemas familiares, no pueden hacerse cargo de el. Es un buen perro, solo que por haber nacido Pitbull lo tiene un poco complicado, ya que el adoptante deberá sacarse la licencia y tener un seguro. Es una raza llamada peligrosa, aunque dicen bien, peligroso es el que lo educa.','Raza: mestizo. Macho de 7 años. Tamaño: Grande','m',NULL,NULL,NULL),(125,2,NULL,5,'22411','JUANITO','http://www.mundoanimalia.com/images/protectora/ejemplares/9c/e4/d1/ca6ed2184e0a73820615ffb7d0795138/juanito_mini.jpg','ACTUALIZACIÓN 13/06/2015 Juanito necesita acogida durante el verano. Es un grandullón tranquilo, un perrito alfombra, se lleva genial con todos, es un buenazo y está muy acostumbrado a vivir en un piso en familia. Vamos a ayudarlo a que pase un verano divertido a tu lado. Hazle un hueco en tu casa y Juanito conquistará tu corazón. elarcadenoecordoba@gmail.com ¿Quieres ayudar a JUANITO? Dona 1€ al mes: https://www.teaming.net/elarcadenoedecordoba Apadrínal@! elarcadenoecordoba.socios@gmail.com Haz tu donativo: BBK CAJASUR - BIC: CSURES2CXXX - IBAN: ES09 0237 0197 1091 5619 7772  BANKIA - BIC: CAHMESMMXXX . IBAN: ES11 2038 5859 2160 0059 0703  Paypal: https://www.paypal.com/cgi-bin/webscr?cmd=_s-xclick&hosted;_button_id=23WLGNC27U2E8 Actualización 18 Mayo 2015 JUANITO busca un HOGAR en el que demostrar lo buenazo que es, que si grande es su cuerpo más grande es su corazón. Déjalo entrar en tu casa y la llenará de su alma bella. Escríbenos y Juanito te conocerá. e','Raza: mastin. Macho de 7 años. Tamaño: Grande','m',NULL,NULL,NULL),(126,2,NULL,5,'5142','Pepe','http://www.mundoanimalia.com/images/protectora/ejemplares/9a/ca/b9/58155fc7f528a19b9fc3599b65047290/20120422102722.jpg','Pepe é un can moi alegre, ao que lle encanta comer, durmir e xogar. É cruce de teckel con chiguagua.','Raza: Cruce de teckel. Macho de 10 años.','m',NULL,NULL,NULL),(127,2,NULL,NULL,'6054','EMMA','http://www.mundoanimalia.com/images/protectora/ejemplares/06/97/34/417fbbf2e9d5a28a855a11894b2e795a/1.jpg','Esta guapa perrita llegó a nuestro refugio hace ya mucho, mucho tiempo. Demasiados años son ya los que lleva esperando un hogar verdadero, demasiados fríos inviernos y calurosas tardes de verano las que lleva sobre su lomo y demasiadas son también las veces que Emma ha visto como a muchos de sus compañeros venían a buscarles para darles una nueva vida. Emma llegó a la protectora de cachorrita, y desde entonces, y tal vez por su carácter tímido e introvertido con los extraños, pasa siempre desapercibida ante los ojos de la gente. De este modo ve los días pasar sin que nadie se fije en ella, sin que nadie confié en su gran corazón y sin que nadie se plantée ni siquiera darla una oportunidad. Emma es noble, leal y buena compañera, necesita que alguien quiera dedicarle su tiempo y ofrecerle la posibilidad de cambiar la triste expresión de sus ojos y la melancolía de su corazón. Queremos que la vida de Emma tenga un significado y que no sea un perro más de tantos. Ella está desea','Raza: Cruce de pastor. Hembra de 13 años. Tamaño: Grande','f',NULL,NULL,NULL),(128,2,NULL,1,'39594','SHENA','http://www.mundoanimalia.com/images/protectora/ejemplares/15/fb/8d/8d70a49aa04daef1ff57762246c51978/a_921407494094.jpg','Shena es una perra muy buena y cariñosa. Es sociable con perros y personas; no le gusta que la agobien continuamente los perros. Le gustan mucho los paseos y sacar esa lengua grandota fuera.','Raza: American Stadfford. Hembra de 6 años. Tamaño: Mediano','f',NULL,NULL,NULL),(129,2,NULL,8,'51215','FIONA','http://www.mundoanimalia.com/images/protectora/ejemplares/bc/10/03/c96ce78d7e218fd59cecd94401be30ba/a_3511437575214.jpg','Fiona es una gatita atigrada preciosa, es muy cariñosa aunque sea un tanto desconfiada hasta que te conoce. Tiene buen carácter y muy tranquila.','Raza: EUROPEA. Hembra de 8 años.','f',NULL,NULL,NULL),(130,2,NULL,5,'2226','Jagger','http://www.mundoanimalia.com/images/protectora/ejemplares/ae/08/2b/01eee509ee2f68dc6014898c309e86bf/reg_6392.jpg','Jagger es un perro muy alegre y cariñoso, pero tiene un problema de desconfianza que hace que le cueste acercarse a alguien a quien no conozca. Conforme trabajas con él y te conoce, se muestra un perro muy divertido y con muchas ganas de salir a pasear y relacionarse con su entorno. Con el resto de perros no muestra ningún tipo de problemática. Los adoptantes deberían tener un poco de experiencia con perros desconfiados y ser gente tranquila, mejor si tienen a algún compañero de cuatro patas. Nació en Septiembre de 2009','Raza: Mestizo de P. Alem. Macho de 7 años. Tamaño: Grande','m',NULL,NULL,NULL),(131,2,NULL,5,'40511','BLEDA','http://www.mundoanimalia.com/images/protectora/ejemplares/a2/8d/8d/3ca498a36de1c5eb1c2d01f80341383a/bleda0009r.jpg','En principio es muy miedosa y desconfiada, pero cuando te conoce es cariñosa, besucona, noble y muy juguetona. Tiene mucho amor para dar','Raza: Mestizo. Hembra de 7 años. Tamaño: Grande','f',NULL,NULL,NULL),(132,2,NULL,5,'56134','Madrid','http://www.mundoanimalia.com/images/protectora/ejemplares/cc/65/b0/8b6a618de1ea1498c26fadddaa06b1c3/cache_19877338.jpg','Pesa unos 20-22 kilos. Madrid, el perrito con mancha de corazón. Este abuelete cruce de bull dog lleva demasiado tiempo esperando una oportunidad y no entendemos por qué nadie se fija en él.Se lleva bien con todos los perros y con las personas es muy cariñoso y atento, no extraña a nadie y merece pasar sus últimos años en un hogar calentito!!','Raza: Cruce de bulldog. Macho de 9 años. Tamaño: Mediano','m',NULL,NULL,NULL),(133,2,NULL,8,'56241','Carbón','http://www.mundoanimalia.com/images/protectora/ejemplares/4c/15/35/e04e402ad3e0d0fde7fe7d1eaa374272/cache_20631181.jpg','Es positivo a inmunodeficiencia felina (asintomática). Carbón es un gatito rechonchete y muy cariñoso, lleva toda su vida en el centro de recogida de animales esperando una oportunidad, cuando por fín alguien se fijó en él, al hacer el test dió positvo a inmunodeficiencia felina (asintomática de momento, negativo a leucemia). Esto imposibilitó su salida del centro por tener otros gatitos en la casa donde iba a ser adoptado. Ahora buscamos un hogar para él sin más gatos o con otros gatos que sean también positivos a inmuno, él está acostumbrado a vivir con otros felinos.','Raza: Europeo. Macho de 8 años.','m',NULL,NULL,NULL),(134,2,NULL,5,'52547','MOLLY','http://www.mundoanimalia.com/images/protectora/ejemplares/9a/c9/1d/211fa7fa1e6d78b563eda7715cbfc0d8/molly_4.jpg','ESTÁ VOLVIENDO A CONFIAR EN LOS HUMANOS (más info en www.sosgolden.org)','Raza: MESTIZA. Hembra de 7 años. Tamaño: Mediano','f',NULL,NULL,NULL),(135,2,NULL,5,'56253','Trasgo','http://www.mundoanimalia.com/images/protectora/ejemplares/2d/61/4c/96c14da979b538098b1c26f3f44a7ecf/cache_22197440.jpg','Necesita licencia PPP. Trasgo es un perrito muy simpático aunque su cara demuestre lo contrario con esa boquita destrozada y esas cicatrices en su hociquito. No extraña a nadie y siempre le encanta recibir caricias de cualquier persona, disfruta saliendo de su jaula a dar un paseillo aunque no es especialmente enérgico. Con otros perros es bueno si son sumisos, pero si le gruñen él los ladra y no sabemos si llegaría a más.. Pero por lo general se porta bastante bien ni busca problemas con los perros de los cheniles de al lado ni nada.','Raza: Bull Terrier. Macho de 7 años. Tamaño: Mediano','m',NULL,NULL,NULL),(136,2,NULL,5,'48738','ULISES','http://www.mundoanimalia.com/images/protectora/ejemplares/e3/58/25/8c1c08e691380b533c7312fbe3fbee6e/cache_29812575.jpg','Ulises fue abandonado en un cementerio. Lo habían dejado detrás de un panteón, lleno de nudos, delgadísimo, enfermo y con muchos dolores. Es un perro mayor, no podemos determinar su edad, por lo mal cuidado que estaba, pero creemos que entre 9 y 10 años. Cuando le ibamos a trasladar a una casa de acogida en Madrid, se cayó por una terraza, partiendose dos patitas. Por suerte ha quedado bastante bien de las dos operaciones, y se está recuperando muy bien.Es un perro muy bueno y cariñoso y se merece ser feliz por fin, ya es hora de que cambie su suerte','Raza: Cocker. Macho de 10 años. Tamaño: Pequeño','m',NULL,NULL,NULL),(137,2,NULL,5,'32740','PIBI','http://www.mundoanimalia.com/images/protectora/ejemplares/f4/a8/ee/4db9c75f6a31c73414ad84fdd101b5d7/201303230334030_PIBI_2013_03_22_273__1__G.jpg','PIBI es una pitbull con bastante energía, su fijación son las piedras, se lleva bien con algunos perros y es muy cariñosa con las personas.','Raza: mestizo. Hembra de 6 años. Tamaño: Mediano','f',NULL,NULL,NULL),(138,2,NULL,5,'56208','Pitu','http://www.mundoanimalia.com/images/protectora/ejemplares/f7/ea/3e/bf4716ddf9600c4060736ee914d4616f/Pitu_1_758x1030.jpg','Pitu es una mami coraje, que llego a nosotros con sus tres bebes de pocos días, toda la familia con muy parásitos externos, signo de la vida en la calle. Ella cuido de sus pequeños como una campeón. Pitu ha tenido que vivir muy mala vida, seguramente de años en la calle, sobreviviendo, dejando huella en ella, de ahí que a nuestra mami Pitu le falten algunas piezas dentales. Pitu es una perra que busca siempre el amor de nuestros voluntarios, juguetona y alegre. Ella quiere recuperar el amor que no ha recibido en tiempo atrás de su vida callejera. Si quieres dar un oportunidad a esta superviviente, no lo dudes, ven a conocerla.','Raza: Mestiza. Hembra de 6 años. Tamaño: Mediano','f',NULL,NULL,NULL),(139,2,NULL,5,'31195','WALNUT','http://www.mundoanimalia.com/images/protectora/ejemplares/8a/50/6d/16a153a27394122922a55fb102f602e3/walnut_51.jpg','NECESITA PACIENCIA Y COMPRESIÓN (más info en www.sosgolden.org)','Raza: DALMATA. Macho de 6 años. Tamaño: Mediano','m',NULL,NULL,NULL),(140,2,NULL,NULL,'24704','Luna','http://www.mundoanimalia.com/images/protectora/ejemplares/18/19/b3/1b04e3e4deb99316836eb317f939347a/reg_8125.jpg','Es una perra increíblemente cariñosa y buena con gente, se deshace para recibir caricias. Con otros perros le es difícil convivir, aunque había estado viviendo en su antiguo hogar con otro perro de raza Pit Bull. Este tipo de perros acostumbra a mostrar problemas de comportamiento en una protectora, ya que conviven con unos 10 perros en una jaula y las situaciones de estrés pueden dar lugar a peleas. En casa no suelen mostrar ningún tipo de problemas','Raza: Pit Bull. Hembra de 7 años. Tamaño: Mediano','f',NULL,NULL,NULL),(141,2,NULL,5,'49266','Fanny','http://www.mundoanimalia.com/images/protectora/ejemplares/9e/7b/55/2f159dfb71adadd9ed3956f59a97c248/cache_14122557.jpg','Pesa unos 9 kilos. Es una perrita muy cariñosa, fiel y lista pero tiene algunos miedos, necesita personas que la entiendan y sepan respetar su espacio. Es positiva a leishmania, su tratamiento son solo 2/mes. Está cansada de vivir en la perrera. Puede estar con otros perros y gatos sin problemas, pero no con conejos. Podemos dar más info por email. Imprescindible responder a cuestionario de preadopción. Para Madrid y provincias cercanas.','Raza: Mestiza. Hembra de 6 años. Tamaño: Pequeño','f',NULL,NULL,NULL),(142,2,NULL,8,'36563','Marina','http://www.mundoanimalia.com/images/protectora/ejemplares/e0/96/55/325ac3045b6cf8ff0d2e795753808456/Marina_D.png','Marina, gatita encontrada en malas condiciones, a punto de perder un ojo y de morir de la infección. Está totalmente recuperada y busca un hogar. Es muy pequeñita y buena, pero ha tenido la mala suerte de nacer de color negro. Es duro que por ser de un color determinado tenga que ver como pasan los días en una gatera.','Raza: Europeo. Hembra de 6 años.','f',NULL,NULL,NULL),(143,2,NULL,8,'56115','Boxeador','http://www.mundoanimalia.com/images/protectora/ejemplares/2d/ef/72/e33421383100a3244d89e222b141767b/cache_13833600.jpg','Bautizado así por su naricita partida. No sabemos que le ocurrió pues ya estaba así cuando se le recogió de la calle. Al principio era un gato muy miedoso, siempre en guardia y pendiente de cada movimiento de las personas, pero una vez más, es un ejemplo de que con tiempo, paciencia y dedicación, estos seres maravillosos pueden aprender a confiar de nuevo y darnos una segunda oportunidad a los humanos.Con otros gatos se lleva estupendamente, no es nada dominante ni busca problemas, le encanta dormirse la siesta al solecito.','Raza: Europeo. Macho de 6 años.','m',NULL,NULL,NULL),(144,2,NULL,5,'47062','Lety','http://www.mundoanimalia.com/images/protectora/ejemplares/6f/77/35/3f314e3cb0692a85f98cd745090b2e7e/Lety_1.jpg','Esta perrita es un caso muy especial, rescatada de cachorra ha vivido de acogida y en la residencia canina donde ARCA trabaja, lleva con nosotras desde cachorra y necesita un hogar especial. Es una perra muy miedosa, y se muere de miedo con otros perros, cualquier ruido brusco hace que sus nervios se alteren y quiera huir. Debido a su carácter tan sumiso y a su miedo el día a día de Letizia es difícil, los otros perros le pegan, y aún estando sola intenta huir y escaparse. Necesita un hogar especial.','Raza: Mestiza. Hembra de 9 años. Tamaño: Mediano','f',NULL,NULL,NULL),(145,2,NULL,8,'56122','Chusta','http://www.mundoanimalia.com/images/protectora/ejemplares/ce/ef/30/33f8f7e57a2d8ea933d2ca78e39a1639/cache_19032581.jpg','Es una gatita azul y blanca que lleva mucho tiempo en el centro de recogida de animales viviendo en una jaula muy pequeña, a causa de esto, no se mueve practicamente nada y tiene sobrepeso, problema que pueda afectar a su salud.. Hay que sacarla de ahí a la mayor brevedad posible, pues ya tienen una edad que requiere controlar ese peso y además, se lo merece!! Con las personas es una gatita muy buena, le gustan los mimos y las caricias, pero es independiente y ha aprendido a vivir sola sin muchas atenciones. Con otros animales no sabemos como se llevaría..','Raza: Cruce de azul ruso. Hembra de 9 años.','f',NULL,NULL,NULL),(146,2,NULL,5,'39804','TEX','http://www.mundoanimalia.com/images/protectora/ejemplares/6d/7e/ea/ce905b9b491b5529664506d2e8e04cbc/201408030109070_TEX_ACOGIDA_G.jpg','Llegó un 14 de Junio de 2010, con apenas un año de edad, era un perro con reacciones extrañas, no sabíamos que le ocurría hasta que observamos que tenia epilepsia . Fue adoptado pero al día siguiente fue devuelto, porque a pesar de advertirles de su enfermedad, tomaron la decisión de darle una mejor calidad de vida, pero esa misma noche le dieron varios ataques y se asustaron.','Raza: mestizo. Macho de 7 años. Tamaño: Mediano','m',NULL,NULL,NULL),(147,2,NULL,8,'53808','Noro','http://www.mundoanimalia.com/img/responsive/no_photo/gato_300_300.jpg','Salud: Esterilizado, testado y positivo en FeLV. Historia: Vivía entre nuestro refugio y las naves cercanas. Lo llamábamos el vecino porque entraba y salía como quería pero nunca llegaba a quedarse del todo. Desde que lo cogimos para esterilizarlo Noro pasa el tiempo en nuestro jardín. Ha descubierto lo buenas que son las personas y por eso merece la oportunidad de ser adoptado. LEE TODA SU HISTORIA Y MIRA TODAS SUS FOTOS EN: http: //defensafelina. org/ficha/262/','Raza: Europeo de pelo corto. Macho de 6 años.','m',NULL,NULL,NULL),(148,2,NULL,5,'33450','TURCA','http://www.mundoanimalia.com/images/protectora/ejemplares/cb/88/fb/e8f3e46d6d09f9b4ab31ab13ad69b841/turca_5.jpg','Preciosa bodeguera de 5 años y tamaño pequeño. Es una perrita cariñosa y sociable. Lo está pasando fatal en el refugio y está esperando su oporutnidad. Medidas: 40cm de alto por unos 40 de largo','Raza: BODEGUERO. Hembra de 7 años. Tamaño: Pequeño','f',NULL,NULL,NULL),(149,2,NULL,5,'41782','KODEE','http://www.mundoanimalia.com/images/protectora/ejemplares/ca/f4/ff/363d66910c1e80925973c64d6e0f28a6/kodee41.jpg','TRANQUILO Y EQUILIBRADO, SOCIABLE, LE ENCANTA LA COMPAÑÍA','Raza: LABRADOR. Macho de 6 años. Tamaño: Grande','m',NULL,NULL,NULL),(150,2,NULL,3,'32663','Teo','http://www.mundoanimalia.com/images/protectora/ejemplares/d9/7c/89/3c0efc7a60a85e233fb20c2e475c7970/10572767624_de375cd053.jpg','sociable, artrosis','Raza: pastor aleman. Macho de 11 años. Tamaño: Grande','m',NULL,NULL,NULL),(151,2,NULL,5,'40639','ELO','http://www.mundoanimalia.com/img/responsive/no_photo/perro_300_300.jpg','Elo lleva muchos, demasiados años con nosotros, pero más y más largo fueron sus años de horror, de hacinamiento y sufrimiento, los que Elo y sus 31 compañeros tuvieron que soportar en lo que nosotros denominamos \"la casa de los horrores\", una casa abandonada, casi derruída, a oscuras y sin ventilación donde una persona los fue encerrando y condenando a morir de inanición y enfermedad. Elo consiguió sobrevivir a aquel infierno, y después de llevar aquí con nosotros años, y ver que había un mundo lleno de luz, venció sus miedos y temores, su desconfianza y timidez, y hoy, llenos de orgullo podemos decir, que ha llegado su momento, y Elo solo espera ya que vengas a buscarle. Ha llegado su momento','Raza: Mestizo. Macho de 10 años. Tamaño: Mediano','m',NULL,NULL,NULL),(152,2,NULL,5,'56679','CHICA','http://www.mundoanimalia.com/images/protectora/ejemplares/92/1e/5e/7874b45deabdc0f431760eb6f6494579/w501_h667_no.jpg','Chica es una mastina encantadora. Es mayor y eso le dota de una tranquilidad que te transmite. Le encanta que le acaricies sin fin. Es fiel y seguidora, le encanta estar con niños y con personas.','Raza: mastina. Hembra de 8 años. Tamaño: Grande','f',NULL,NULL,NULL),(153,2,NULL,8,'45974','BIMBA','http://www.mundoanimalia.com/images/protectora/ejemplares/50/4c/95/c1d2812e7562e2eb5de5a162cbbe1eb7/IMG_20140922_WA0001.jpg','Me llamo Bimba y tengo 7 años. Soy muy buena y cariñosa. Estoy esterilizada y vacunada. Mi mami ya no me puede cuidar más y ahora me falta encontrar una familia que me quiera en su casa . Quieres ser tú?','Raza: Europeo. Hembra de 8 años.','f',NULL,NULL,NULL),(154,2,NULL,5,'56098','DEMELZA','http://www.mundoanimalia.com/img/responsive/no_photo/perro_300_300.jpg','MUY TRANQUILA Y BUENA','Raza: MESTIZA. Hembra de 7 años. Tamaño: Grande','f',NULL,NULL,NULL),(155,2,NULL,5,'3350','Bronco','http://www.mundoanimalia.com/images/protectora/ejemplares/7a/51/87/b7ee0d0d4d5ef995aae0fc691e6d840d/reg_6632.jpg','Animales publicados: 326 Adopción Urgente: 16 En mundoAnimalia desde 06/10/2011 La nostra misió: · Fomentar el respecte i el bon tracte als animals. Vetllar per la seva protecció i defensa. · Promoure l\'esterilització dels animals de companyia per controlar la natalitat i prevenir així l\'abandonament massiu. · Conscienciar a la societat sobre la tinença responsable i el problema de l\'abandonament, així com promoure l\'adopció com a alternativa a la compra. · Aconseguir les millors condicions de vida pels habitants del nostre refugi.','Raza: Mestizo de Bull Terrier. Macho de 7 años. Tamaño: Mediano','m',NULL,NULL,NULL),(156,2,NULL,6,'56255','Yuno','http://www.mundoanimalia.com/img/responsive/no_photo/gato_300_300.jpg','Negativo a felv/fiv, castrado y con vacunas al día. Es un gato enorme, pesa más de 8 kilos seguro. Fué dejado en la perrera y ahora busca un hogar. No acostumbrado a vivir con gatos ni con perros ni con hombres, por lo que si en su nuevo hogar hay algunas de estas tres cosas nuevas para él, se requiere un poco de paciencia. Poco a poco va mejorando y va tolerando a los extraños y a ver otros gatos a su alrededor. Verse enjaulado de un día para otro le supuso mucho estrés y enfado pero con paciencia y alguna chuche está recuperando ese buen carácter que trajo cuando le abandonaron.','Raza: Cruce de persa. Macho de 6 años.','m',NULL,NULL,NULL),(157,2,NULL,5,'185','Dürum','http://www.mundoanimalia.com/images/protectora/ejemplares/6e/ee/33/eecca5b6365d9607ee5a9d336962c534/reg_5987.jpg','Animales publicados: 326 Adopción Urgente: 16 En mundoAnimalia desde 06/10/2011 La nostra misió: · Fomentar el respecte i el bon tracte als animals. Vetllar per la seva protecció i defensa. · Promoure l\'esterilització dels animals de companyia per controlar la natalitat i prevenir així l\'abandonament massiu. · Conscienciar a la societat sobre la tinença responsable i el problema de l\'abandonament, així com promoure l\'adopció com a alternativa a la compra. · Aconseguir les millors condicions de vida pels habitants del nostre refugi.','Raza: Mestizo. Macho de 6 años. Tamaño: Grande','m',NULL,NULL,NULL),(158,2,NULL,5,'20720','Osito / NO-211198','http://www.mundoanimalia.com/images/protectora/ejemplares/25/ee/3d/053c837dca3a5636ad1c9bccd6af3415/principal.jpg','Entrada: 01/11/2012 Sexo: Masculino Tamaño: Grande Nacimiento: 05/05/2005 Carácter Osito es un perro mestizo blanco de tamaño grande. Es un caso muy especial. Comienza a acercarse a la gente como un perro cariñoso , leal y muy tranquilo.Es sociable con machos y hembras. Historia Osito es un perro que ha vivido por los alrededores del refugio años y años. Nunca se ha dejado coger, dado el miedo que ha tenido siempre a las personas. Le hicimos una caseta y le dejabamos comida y agua a su alcance. Estos últimos meses hemos visto como se ha ido degradando fisicamente, por lo que hemos puesto mucho más empeño en conseguir cogerlo. Actualmente Osito está en una residencia que nos ayuda en los casos más dificiles, donde ha curado de la sarna y la riquetzia y poco a poco va perdiendo el miedo a los humanos y aprendiendo a vivir con otros animales. Está sordo y ha perdido vista por la edad. Gracias a los padrinos y madrinas que nos ayudan a pagar cada mes la residencia de Osito:','Raza: mestizo. Macho de 11 años. Tamaño: Grande','f',NULL,NULL,NULL),(159,2,NULL,5,'31444','Grunge / JL-151263','http://www.mundoanimalia.com/images/protectora/ejemplares/62/a3/dc/25d55f01734adca809111ca46b5344c0/principal.jpg','Entrada: 11/07/2013 Sexo: Masculino Tamaño: Mediano Esterilizado/a: Si Nacimiento: 28/02/2010 Apadrinado/a: Por Carmen Civera de Valencia Carácter Grunge es un guapisimo perro mestizo de tamaño mediano. Es un solete, aunque pueda parecer tímido al principio en el momento en que te conoce se convierte en un perro cariñoso y simpático. Es sociable con el resto de perros, le gusta jugar con todos.','Raza: mestizo. Macho de 6 años. Tamaño: Mediano','m',NULL,NULL,NULL),(160,2,NULL,5,'18517','Brisa','http://www.mundoanimalia.com/img/responsive/no_photo/perro_300_300.jpg','Asustadiza con humanos. Recomendado para personas pacientes y con ganas de educar.','Raza: X podenco. Hembra de 7 años. Tamaño: Pequeño','f',NULL,NULL,NULL),(161,2,NULL,5,'52552','WATSON','http://www.mundoanimalia.com/img/responsive/no_photo/perro_300_300.jpg','MUY BUENO Y SOCIABLE','Raza: LABRADOR. Macho de 6 años. Tamaño: Mediano','m',NULL,NULL,NULL),(162,2,NULL,5,'51972','kokodo (REF: 150276)','http://www.mundoanimalia.com/images/protectora/ejemplares/78/92/67/1416b9f88425502349362d5eada0ad2f/2015_04_27_150276__2_.jpg','victima del abandono. bueno y sociable . esta muy enfermo, tiene soplo al corazon. es muy bueno','Raza: mestizo-mischling. Macho de 14 años.','m',NULL,NULL,NULL),(163,2,NULL,5,'28037','Beethoven','http://www.mundoanimalia.com/images/protectora/ejemplares/11/27/c0/af698f2b39b1f19d13e7259e6b560a85/183533_177385042306985_3004281_n.jpg','Beethoven es un perro muy juguetón, ágil al que le encanta hacer ejercicio, corretear y los paseos por el campo, es inteligente y con ganas de encontrar una familia que le de el cariño que se rece.','Raza: x de galgo. Macho de 6 años. Tamaño: Grande','m',NULL,NULL,NULL),(164,2,NULL,8,'56220','Sophie','http://www.mundoanimalia.com/images/protectora/ejemplares/46/6b/c1/c2cacd23a91ee77fd99c4be4315c2d06/Sophie21_1030x799.jpg','Apareció en la calle junto a su madre Bertina y sus hermanas Sissi y Carita. Es una gata sociable y cariñosa. Está esterilizada y es negativa en inmunodeficiencia y leucemia','Raza: Europeo. Hembra de 6 años.','f',NULL,NULL,NULL),(165,2,NULL,5,'56094','ARAGORN','http://www.mundoanimalia.com/images/protectora/ejemplares/69/72/20/0520f27468633663d33eb7e0933de477/aragorn.jpg','CARIÑOSO, SOCIABLE CON PERROS, GATOS Y PERSONAS','Raza: LABRADOR. Macho de 8 años. Tamaño: Grande','m',NULL,NULL,NULL),(166,2,NULL,5,'20765','Lennon / AB-061037','http://www.mundoanimalia.com/images/protectora/ejemplares/ad/c7/d6/fbd7ac6e006db321fd81a10586907434/principal.jpg','Entrada: 01/08/2011 Sexo: Masculino Tamaño: Grande Altura: 63 cm aprox Esterilizado/a: Sí Nacimiento: 15/11/2009 Apadrinado/a: Por Estefania Roig de Algemesi Carácter LENNON Es un perro muy noble y cariñoso. Es muy sociable, le gusta estar con otros perros, es muy juguetón y entrañable, le encantan los juguetes, con las pelotas de fútbol lo pasa en grande. Es obediente y se porta muy bien en el coche. Lennon tiene leishmania, aunque actualmente sus niveles son tan bajos que no necesita tomar mediación, solo controles cada 6 meses. Que esto no sea su condena a vivir en una jaula, los perros con leishmania pueden vivir perfectamente igual que los demás y merecen conocer el hogar y el calor de una familia.','Raza: mestizo. Macho de 6 años. Tamaño: Grande','m',NULL,NULL,NULL),(167,2,NULL,5,'45503','DOLLY Y ENKO','http://www.mundoanimalia.com/images/protectora/ejemplares/86/6f/31/2bf8d1a826659708a87d010f056ef59c/201501260307250_DOLLY_Y_ENKO_G.jpg','DOLLY y ENKO son dos hermanos, macho y hembra, que aparecieron sueltos por el Preventorio. Son muy buenos, pero tienen mucha fuerza y han vivido siempre juntos por lo que serian muy buenos para estar en una casa de campo cuidando un terreno vallado. Son mezcla de pitbull y los amantes de esta raza estarían muy contentos de tenerlos. No se llevan bien con otros perros, pero con las personas son un encanto.','Raza: mestizo. Macho de 7 años. Tamaño: Grande','f',NULL,NULL,NULL),(168,2,NULL,5,'20146','BOIRA','http://www.mundoanimalia.com/images/protectora/ejemplares/22/9b/75/12479ddde207e0bcfc2c19b8ca87c926/424329_3251336474813_684882937_n.jpg','Boira, es todo amor, ternura , pero muy dormilona. Solo quiere que la mimen y que le hagan monerias. La calle y la gente desconocida no le gustan mucho, pero tiene tanta ganas de crecer y superar los miedos que lucha como una campeona para no salir huyendo. Tiene un instinto muy maternal, le encantan los perros y gatos pequeños, los lame, les llora para jugar, se deja robar la comida y los juguetes ,es una perrita muy sentida y sensible por eso esta en una casa de acogida por que en la protectora lo estaba pasando mal. Boireta es muy agradecida y aun que a conocido un hogar y el cariño ya de adulta se adapta facilmente . Es tranquilota como son los mastines . En casa no se le nota apenas pero le gusta dar largos paseos por la montaña. si estas interesado en adoptar a boira escribe a electra_aixa@hotmail.com o llama al 663415428 gracias Busca un adoptante especial como lo es ella .','Raza: mestiza. Hembra de 6 años. Tamaño: Grande','f',NULL,NULL,NULL),(169,2,NULL,5,'59114','Lotto','http://www.mundoanimalia.com/images/protectora/ejemplares/b4/77/54/c08a86830e5eabf9de95b5e68d696f57/DSC00017_como_objeto_inteligente_1_copia.jpg','Lotto es una perrita de aguas muy muy especial. Fue entregada por su anterior dueño porque ya no la quería e iba a deshacerse de ella, cuando llegó a nosotros entendimos porque ya no la queríaLotto tenia dificultades en sus patitas traseras para caminar. Tras realizarle todo tipo de pruebas (tac, radiografías, análisis de liquido medular, análisis de sangre, estudio neurológico, etc..) no han conseguido dar una causa concreta de su problema, tras descartar causas cabe la posibilidad de que sea una consecuencia de haber sufrido una hipoxia durante la esterilización que le realizaron estando con su anterior dueño. Pero Lotto es una perrita encantadora, hiper cariñosa, alegre, que a pesar de su dificultad disfruta de todo, baños en el mar, paseos (con arnés de apoyo trasero), cuando menos lo esperas pega sus carreras para jugar, etc Ella controla sus esfínteres, no tiene problema en ese aspecto. Si quieres más información sobre el caso de Lotto porque crees que eres esa persona esp','Raza: Perra de aguas. Hembra de 8 años. Tamaño: Mediano','f',NULL,NULL,NULL),(170,2,NULL,5,'18951','﻿BERNA','http://www.mundoanimalia.com/images/protectora/ejemplares/c6/56/96/6cb8e079d5ee909af340f303c1a2d8be/berna.jpg','BERNA al igual que NUBE, fue entregada en la Perrera de manos de su \"propietario\", un cazador. Sin duda parte de su vida ha llevado una soga ancha en el cuello y prueba de ello es la cicatriz en forma de collar que conserva. Su cuello casi sin pelo ( ahora recuperado) delataba que el roce constante hacía mella sobre él. Pero aún así, nuestra BERNA no puede ser más cariñosa, más zalamera y agradecida. Se pone a dos patitas sobre nosotras, apoyándose con delicadeza y dándonos besotes con su húmeda lengua, reclinando su cabeza y pidiendo más y más caricias. Es tan sumisa, tan delicada. Inteligente, despierta y con ganas de aprender y de agradar.','Raza: mestizo de Braco. Hembra de 8 años. Tamaño: Mediano','f',NULL,NULL,NULL),(171,2,NULL,8,'53872','Tarifo','http://www.mundoanimalia.com/images/protectora/ejemplares/a2/44/ba/11082e2f4b9ebb77b648227b53083662/16249893355_e5f840d69e_b.jpg','Salud: Esterilizado, testado y negativo en tests. Historia: Tarifo, es un gato negro de unos increíbles ojos color ámbar. Llegó siendo un cachorrito a nuestro refugio. Es un gato muy cariñoso y muy dependiente de las personas: le gusta que lo cojan, lo acaricien, lo achuchen. . . y él, a cambio, no parará de ronronear y jugar. Tarifo es encantador e incluso un poco cotilla! LEE TODA SU HISTORIA Y MIRA TODAS SUS FOTOS EN: http: //defensafelina. org/ficha/37/','Raza: Europeo de pelo corto. Macho de 7 años.','m',NULL,NULL,NULL),(172,2,NULL,5,'18543','Rufus','http://www.mundoanimalia.com/images/protectora/ejemplares/04/59/d7/7a6b3e0e06f590735da57d63d5040639/rufus.jpg','Sociable con otros perros. Miedoso con género masculino.','Raza: X galgo peludo. Macho de 8 años. Tamaño: Mediano','m',NULL,NULL,NULL),(173,2,NULL,5,'18528','Fortu','http://www.mundoanimalia.com/images/protectora/ejemplares/44/3b/18/866e6279baf83a10e3bf47d194d80a3d/Fortu.jpg','Posesivo con la comida. Recomendado personas muy activas','Raza: Xbodeguero/ podenco. Macho de 6 años. Tamaño: Mediano','m',NULL,NULL,NULL),(174,2,NULL,5,'8523','LINDA','http://www.mundoanimalia.com/images/protectora/ejemplares/ef/94/46/5a2b8fee6a50b5594ecc5041eed53650/1.jpg','Nuevamente, una triste historia acompaña a esta perra llamada Linda. Toda su vida viviendo en un pueblo, más concretamente, en las inmediaciones de un colegio y junto a su hijo León. No hacían daño a nadie, ni se metían en ningún lío. Al contrario, pasaban los días y ellos estaban tranquilos en lo que consideraban que era su hogar. Incluso, tuvieron que soportar varias trastadas de algunos niños, y nunca hicieron nada al respecto. Hasta que un día recibieron un horrible ultimátum, había dos opciones: o se iban del colegio o se desharían de ellos sacrificándoles. La chica que más les quería y les daba de comer a diario, así como se ocupaba de ellos a nivel sanitario, no tuvo otro remedio que traerlos porque no entendía porque se querían deshacer de dos perros tan buenos y nobles que jamás habían dado ni un solo problema. Ahora están a salvo y adaptándose día a día a un nuevo lugar para ellos, pero rodeados de todo el cariño y atenciones que se merecen. Linda es una perra muy buena q','Raza: Cruce Mastin. Hembra de 11 años. Tamaño: Grande','f',NULL,NULL,NULL),(175,2,NULL,8,'19651','Sandra','http://www.mundoanimalia.com/images/protectora/ejemplares/2a/11/42/e6293d6df91c1f64f6ce1d86c8be87e4/1357067188.jpg','es una gatita que abandonaron en la puerta del Albergue cuando aún era una cachorrita. Es muy cariñosa y juguetona. Tiene pólipos en la garganta que en ocasiones le dificultan comer, pero no hay nada que no resuelva una latita. Emite como un pequeño ronquido al respirar. Ha requerido de cirugías para extirparla los pólipos. Actualmente puede llevar una vida normal.','Raza: europeo. Hembra de 7 años.','f',NULL,NULL,NULL),(176,2,NULL,5,'238','Ara','http://www.mundoanimalia.com/images/protectora/ejemplares/b6/90/2f/ac1dd209cbcc5e5d1c6e28598e8cbbe8/reg_4774.jpg','Animales publicados: 326 Adopción Urgente: 16 En mundoAnimalia desde 06/10/2011 La nostra misió: · Fomentar el respecte i el bon tracte als animals. Vetllar per la seva protecció i defensa. · Promoure l\'esterilització dels animals de companyia per controlar la natalitat i prevenir així l\'abandonament massiu. · Conscienciar a la societat sobre la tinença responsable i el problema de l\'abandonament, així com promoure l\'adopció com a alternativa a la compra. · Aconseguir les millors condicions de vida pels habitants del nostre refugi.','Raza: Mestizo. Hembra de 7 años. Tamaño: Grande','f',NULL,NULL,NULL),(177,2,NULL,5,'18547','Uma','http://www.mundoanimalia.com/images/protectora/ejemplares/79/d1/49/4c162e5abd1d3789a24748c17c86d42f/Uma.jpg','Líder manada. Incompatible perros más pequeños. Recomendado para Vigilancia.','Raza: X Mast. Hembra de 7 años. Tamaño: Grande','f',NULL,NULL,NULL),(178,2,NULL,5,'28102','Elsa','http://www.mundoanimalia.com/img/responsive/no_photo/perro_300_300.jpg','Elsa ha sufrido lo insufrible, además de ser abandonada, unos acomplejados le tiraron los cachorros a una acequia, ella los sacó y demostró que hay personas mucho menos inteligentes que cualquier perro. Ahora espera que vengan personas que la traten con la dignidad que se merece, es un amor, cariñosa y muy obediente.','Raza: mestizo. Hembra de 7 años. Tamaño: Mediano','f',NULL,NULL,NULL),(179,2,NULL,5,'32745','KIN','http://www.mundoanimalia.com/images/protectora/ejemplares/58/be/87/960e22c062e54ee98c07ce83a5e39cff/201402240215000_KIN_1_G.jpg','Un caso más en los que recurren a los servicios sociales porque no pueden mantenerlo. Sus propietarios lo trajeron con POLI, los dos están en la misma jaula. Es un buen perro, pero no comprende como, después de estar compartiendo su vida con su familia, ahora está tras una reja, sin poder apenas moverse. Es muy obediente, responde al siéntate y dame la pata.','Raza: mestizo. Macho de 8 años. Tamaño: Grande','m',NULL,NULL,NULL),(180,2,NULL,5,'43884','VITIN','http://www.mundoanimalia.com/images/protectora/ejemplares/f2/b7/ca/44f24b3c093ffe8bb756db22f86a9a2f/vitin_mini.jpg','06/07/2015 URGENTE VITÍN SE QUEDA SIN ACOGIDA Vitín se queda sin acogida en unos días, 12 de Julio. Es un perrito encantador, tamaño mediano que sabe convivir en un piso/casa y es muy sociable. Dentro de unos días su acogida se acaba y no tenemos nada para él. No podemos asumir más gastos ni tenemos sitio en el albergue provisional, por favor, es muy URGENTE ENCONTRAR UN HUECO puedes ayudarlo? elarcadenoecordoba@gmail.com ¿Quieres ayudar a VITÍN? Dona 1€ al mes: https://www.teaming.net/elarcadenoedecordoba Apadrínal@! elarcadenoecordoba.socios@gmail.com Haz tu donativo: BBK CAJASUR - BIC: CSURES2CXXX - IBAN: ES09 0237 0197 1091 5619 7772 BANKIA - BIC: CAHMESMMXXX . IBAN: ES11 2038 5859 2160 0059 0703 Paypal: https://www.paypal.com/cgi-bin/webscr?cmd=_s-xclick&hosted;_button_id=23WLGNC27U2E8 Actualización 1 Julio de 2015 Vitín es un precioso perrito de tamaño mediano. Es muy muy cariñoso, sabe pasear con la correa, le encanta correr, saltar, le encanta','Raza: mestizo. Macho de 6 años. Tamaño: Pequeño','m',NULL,NULL,NULL),(181,2,NULL,5,'56131','Kira','http://www.mundoanimalia.com/images/protectora/ejemplares/8a/28/20/17fc5e2d6649686ae07081d6a5f27ba5/cache_19010678.jpg','Pesa unos 45-48 kilos. Es una perrita encantadora, no extraña a nadie y se muestra muy docil con todas las personas y otros animales. Con la correa anda muy bien aunque es muy curiosa y quiere ir a todas partes, pero va despacito y atiende a las ordenes que se le van dando.','Raza: Mastin. Hembra de 8 años. Tamaño: Grande','f',NULL,NULL,NULL),(182,2,NULL,5,'38026','Loudly','http://www.mundoanimalia.com/images/protectora/ejemplares/f0/4e/9c/d01d1ca662d5257010298baa3936153e/10462904_694718073935085_6586850280105511541_n.jpg','Loudly es una golden hembra de 6 años, muy buena y sociable. Es procedente de criadero y necesita urgente acogida o adpció. No se vende ni se regala, se da en adopción, con contrato de adopción y seguimiento con la protectora. 8 vacunas y revisión veterinaria, desparasitación, chip y pasaporte al día. Se manda información por whatsapp o vía correo electrónico. Madrid. Email: mascan.cam@gmail.com Whatsapp: 620824962 Rogamos paciencia pues somos voluntarias.','Raza: Golden Retriever. Hembra de 8 años. Tamaño: Grande','f',NULL,NULL,NULL);
/*!40000 ALTER TABLE `specimens` ENABLE KEYS */;
UNLOCK TABLES;
/*!40103 SET TIME_ZONE=@OLD_TIME_ZONE */;

/*!40101 SET SQL_MODE=@OLD_SQL_MODE */;
/*!40014 SET FOREIGN_KEY_CHECKS=@OLD_FOREIGN_KEY_CHECKS */;
/*!40014 SET UNIQUE_CHECKS=@OLD_UNIQUE_CHECKS */;
/*!40101 SET CHARACTER_SET_CLIENT=@OLD_CHARACTER_SET_CLIENT */;
/*!40101 SET CHARACTER_SET_RESULTS=@OLD_CHARACTER_SET_RESULTS */;
/*!40101 SET COLLATION_CONNECTION=@OLD_COLLATION_CONNECTION */;
/*!40111 SET SQL_NOTES=@OLD_SQL_NOTES */;

-- Dump completed on 2016-10-23 13:45:37
